{
  "Packages": [
    {
      "Package": {
        "Id": "UiPath.Credentials.Activities",
        "Version": "2.0.0"
      },
      "Assemblies": [
        "C:\\Users\\dariu\\.nuget\\packages\\credentialmanagement\\1.0.2\\lib/net35/CredentialManagement.dll",
        "C:\\Users\\dariu\\.nuget\\packages\\uipath.credentials.activities\\2.0.0\\lib/net461/UiPath.Credentials.Activities.dll"
      ],
      "Path": "C:\\Users\\dariu\\.nuget\\packages\\uipath.credentials.activities\\2.0.0"
    },
    {
      "Package": {
        "Id": "UiPath.Excel.Activities",
        "Version": "2.12.3"
      },
      "Assemblies": [
        "C:\\Users\\dariu\\.nuget\\packages\\closedxml\\0.87.1\\lib/net40/ClosedXML.dll",
        "C:\\Users\\dariu\\.nuget\\packages\\csvhelper\\16.0.0\\lib/net45/CsvHelper.dll",
        "C:\\Users\\dariu\\.nuget\\packages\\documentformat.openxml\\2.5.0\\lib/DocumentFormat.OpenXml.dll",
        "C:\\Users\\dariu\\.nuget\\packages\\microsoft.visualstudio.ole.interop\\16.7.30328.74\\lib/net45/Microsoft.VisualStudio.OLE.Interop.dll",
        "C:\\Users\\dariu\\.nuget\\packages\\newtonsoft.json\\11.0.2\\lib/net45/Newtonsoft.Json.dll",
        "C:\\Users\\dariu\\.nuget\\packages\\npoi\\2.5.5\\lib/net45/NPOI.OOXML.dll",
        "C:\\Users\\dariu\\.nuget\\packages\\npoi\\2.5.5\\lib/net45/NPOI.OpenXml4Net.dll",
        "C:\\Users\\dariu\\.nuget\\packages\\npoi\\2.5.5\\lib/net45/NPOI.OpenXmlFormats.dll",
        "C:\\Users\\dariu\\.nuget\\packages\\npoi\\2.5.5\\lib/net45/NPOI.dll",
        "C:\\Users\\dariu\\.nuget\\packages\\portable.bouncycastle\\1.8.9\\lib/net40/BouncyCastle.Crypto.dll",
        "C:\\Users\\dariu\\.nuget\\packages\\sharpziplib\\1.3.3\\lib/net45/ICSharpCode.SharpZipLib.dll",
        "C:\\Users\\dariu\\.nuget\\packages\\system.io.abstractions\\3.0.10\\lib/net40/System.IO.Abstractions.dll",
        "C:\\Users\\dariu\\.nuget\\packages\\system.threading.tasks.dataflow\\5.0.0\\lib/net461/System.Threading.Tasks.Dataflow.dll",
        "C:\\Users\\dariu\\.nuget\\packages\\system.valuetuple\\4.5.0\\lib/net461/System.ValueTuple.dll",
        "C:\\Users\\dariu\\.nuget\\packages\\uipath.excel.activities\\2.12.3\\lib/net461/Microsoft.Office.Interop.Excel.dll",
        "C:\\Users\\dariu\\.nuget\\packages\\uipath.excel.activities\\2.12.3\\lib/net461/Microsoft.Vbe.Interop.dll",
        "C:\\Users\\dariu\\.nuget\\packages\\uipath.excel.activities\\2.12.3\\lib/net461/Office.dll",
        "C:\\Users\\dariu\\.nuget\\packages\\uipath.excel.activities\\2.12.3\\lib/net461/UiPath.Excel.Activities.Design.dll",
        "C:\\Users\\dariu\\.nuget\\packages\\uipath.excel.activities\\2.12.3\\lib/net461/UiPath.Excel.Activities.Package.dll",
        "C:\\Users\\dariu\\.nuget\\packages\\uipath.excel.activities\\2.12.3\\lib/net461/UiPath.Excel.Activities.dll",
        "C:\\Users\\dariu\\.nuget\\packages\\uipath.excel.activities\\2.12.3\\lib/net461/UiPath.Excel.dll",
        "C:\\Users\\dariu\\.nuget\\packages\\uipath.platform\\22.4.1\\lib/net461/UiPath.Platform.dll",
        "C:\\Users\\dariu\\.nuget\\packages\\uipath.telemetry.client\\1.5.3\\lib/net461/TelemetryClient.dll"
      ],
      "Path": "C:\\Users\\dariu\\.nuget\\packages\\uipath.excel.activities\\2.12.3"
    },
    {
      "Package": {
        "Id": "UiPath.System.Activities",
        "Version": "22.4.4"
      },
      "Assemblies": [
        "C:\\Users\\dariu\\.nuget\\packages\\csvhelper\\16.0.0\\lib/net45/CsvHelper.dll",
        "C:\\Users\\dariu\\.nuget\\packages\\microsoft.aspnet.signalr.client\\2.4.0\\lib/net45/Microsoft.AspNet.SignalR.Client.dll",
        "C:\\Users\\dariu\\.nuget\\packages\\microsoft.aspnetcore.connections.abstractions\\3.1.6\\lib/netstandard2.0/Microsoft.AspNetCore.Connections.Abstractions.dll",
        "C:\\Users\\dariu\\.nuget\\packages\\microsoft.aspnetcore.http.connections.client\\3.1.6\\lib/netstandard2.0/Microsoft.AspNetCore.Http.Connections.Client.dll",
        "C:\\Users\\dariu\\.nuget\\packages\\microsoft.aspnetcore.http.connections.common\\3.1.6\\lib/netstandard2.0/Microsoft.AspNetCore.Http.Connections.Common.dll",
        "C:\\Users\\dariu\\.nuget\\packages\\microsoft.aspnetcore.http.features\\3.1.6\\lib/netstandard2.0/Microsoft.AspNetCore.Http.Features.dll",
        "C:\\Users\\dariu\\.nuget\\packages\\microsoft.aspnetcore.signalr.client\\3.1.6\\lib/netstandard2.0/Microsoft.AspNetCore.SignalR.Client.dll",
        "C:\\Users\\dariu\\.nuget\\packages\\microsoft.aspnetcore.signalr.client.core\\3.1.6\\lib/netstandard2.0/Microsoft.AspNetCore.SignalR.Client.Core.dll",
        "C:\\Users\\dariu\\.nuget\\packages\\microsoft.aspnetcore.signalr.common\\3.1.6\\lib/netstandard2.0/Microsoft.AspNetCore.SignalR.Common.dll",
        "C:\\Users\\dariu\\.nuget\\packages\\microsoft.aspnetcore.signalr.protocols.json\\3.1.6\\lib/netstandard2.0/Microsoft.AspNetCore.SignalR.Protocols.Json.dll",
        "C:\\Users\\dariu\\.nuget\\packages\\microsoft.bcl.asyncinterfaces\\1.1.1\\lib/net461/Microsoft.Bcl.AsyncInterfaces.dll",
        "C:\\Users\\dariu\\.nuget\\packages\\microsoft.codeanalysis.common\\3.8.0\\lib/netstandard2.0/Microsoft.CodeAnalysis.dll",
        "C:\\Users\\dariu\\.nuget\\packages\\microsoft.codeanalysis.csharp\\3.8.0\\lib/netstandard2.0/Microsoft.CodeAnalysis.CSharp.dll",
        "C:\\Users\\dariu\\.nuget\\packages\\microsoft.codeanalysis.visualbasic\\3.8.0\\lib/netstandard2.0/Microsoft.CodeAnalysis.VisualBasic.dll",
        "C:\\Users\\dariu\\.nuget\\packages\\microsoft.extensions.configuration\\3.1.6\\lib/netstandard2.0/Microsoft.Extensions.Configuration.dll",
        "C:\\Users\\dariu\\.nuget\\packages\\microsoft.extensions.configuration.abstractions\\3.1.6\\lib/netstandard2.0/Microsoft.Extensions.Configuration.Abstractions.dll",
        "C:\\Users\\dariu\\.nuget\\packages\\microsoft.extensions.configuration.binder\\3.1.6\\lib/netstandard2.0/Microsoft.Extensions.Configuration.Binder.dll",
        "C:\\Users\\dariu\\.nuget\\packages\\microsoft.extensions.dependencyinjection\\3.1.6\\lib/net461/Microsoft.Extensions.DependencyInjection.dll",
        "C:\\Users\\dariu\\.nuget\\packages\\microsoft.extensions.dependencyinjection.abstractions\\3.1.6\\lib/netstandard2.0/Microsoft.Extensions.DependencyInjection.Abstractions.dll",
        "C:\\Users\\dariu\\.nuget\\packages\\microsoft.extensions.logging\\3.1.6\\lib/netstandard2.0/Microsoft.Extensions.Logging.dll",
        "C:\\Users\\dariu\\.nuget\\packages\\microsoft.extensions.logging.abstractions\\3.1.6\\lib/netstandard2.0/Microsoft.Extensions.Logging.Abstractions.dll",
        "C:\\Users\\dariu\\.nuget\\packages\\microsoft.extensions.options\\3.1.6\\lib/netstandard2.0/Microsoft.Extensions.Options.dll",
        "C:\\Users\\dariu\\.nuget\\packages\\microsoft.extensions.primitives\\3.1.6\\lib/netstandard2.0/Microsoft.Extensions.Primitives.dll",
        "C:\\Users\\dariu\\.nuget\\packages\\microsoft.rest.clientruntime\\2.3.21\\lib/net461/Microsoft.Rest.ClientRuntime.dll",
        "C:\\Users\\dariu\\.nuget\\packages\\newtonsoft.json\\11.0.2\\lib/net45/Newtonsoft.Json.dll",
        "C:\\Users\\dariu\\.nuget\\packages\\sharpziplib\\1.3.3\\lib/net45/ICSharpCode.SharpZipLib.dll",
        "C:\\Users\\dariu\\.nuget\\packages\\system.buffers\\4.5.1\\lib/net461/System.Buffers.dll",
        "C:\\Users\\dariu\\.nuget\\packages\\system.collections.immutable\\5.0.0\\lib/net461/System.Collections.Immutable.dll",
        "C:\\Users\\dariu\\.nuget\\packages\\system.componentmodel.annotations\\4.7.0\\lib/net461/System.ComponentModel.Annotations.dll",
        "C:\\Users\\dariu\\.nuget\\packages\\system.io.abstractions\\3.0.10\\lib/net40/System.IO.Abstractions.dll",
        "C:\\Users\\dariu\\.nuget\\packages\\system.io.pipelines\\4.7.1\\lib/netstandard2.0/System.IO.Pipelines.dll",
        "C:\\Users\\dariu\\.nuget\\packages\\system.management.automation\\6.1.7601.17515\\lib/net45/System.Management.Automation.dll",
        "C:\\Users\\dariu\\.nuget\\packages\\system.memory\\4.5.4\\lib/net461/System.Memory.dll",
        "C:\\Users\\dariu\\.nuget\\packages\\system.numerics.vectors\\4.5.0\\lib/net46/System.Numerics.Vectors.dll",
        "C:\\Users\\dariu\\.nuget\\packages\\system.reflection.metadata\\5.0.0\\lib/net461/System.Reflection.Metadata.dll",
        "C:\\Users\\dariu\\.nuget\\packages\\system.runtime.compilerservices.unsafe\\4.7.1\\lib/net461/System.Runtime.CompilerServices.Unsafe.dll",
        "C:\\Users\\dariu\\.nuget\\packages\\system.text.encoding.codepages\\4.5.1\\runtimes/win/lib/net461/System.Text.Encoding.CodePages.dll",
        "C:\\Users\\dariu\\.nuget\\packages\\system.text.encodings.web\\4.7.1\\lib/net461/System.Text.Encodings.Web.dll",
        "C:\\Users\\dariu\\.nuget\\packages\\system.text.json\\4.7.2\\lib/net461/System.Text.Json.dll",
        "C:\\Users\\dariu\\.nuget\\packages\\system.threading.channels\\4.7.1\\lib/net461/System.Threading.Channels.dll",
        "C:\\Users\\dariu\\.nuget\\packages\\system.threading.tasks.dataflow\\5.0.0\\lib/net461/System.Threading.Tasks.Dataflow.dll",
        "C:\\Users\\dariu\\.nuget\\packages\\system.threading.tasks.extensions\\4.5.4\\lib/net461/System.Threading.Tasks.Extensions.dll",
        "C:\\Users\\dariu\\.nuget\\packages\\system.valuetuple\\4.5.0\\lib/net461/System.ValueTuple.dll",
        "C:\\Users\\dariu\\.nuget\\packages\\uipath.platform\\22.4.1\\lib/net461/UiPath.Platform.dll",
        "C:\\Users\\dariu\\.nuget\\packages\\uipath.system.activities\\22.4.4\\lib/net461/UiPath.OrchestratorClient.dll",
        "C:\\Users\\dariu\\.nuget\\packages\\uipath.system.activities\\22.4.4\\lib/net461/UiPath.System.Activities.Design.dll",
        "C:\\Users\\dariu\\.nuget\\packages\\uipath.system.activities\\22.4.4\\lib/net461/UiPath.System.Activities.dll",
        "C:\\Users\\dariu\\.nuget\\packages\\uipath.telemetry.client\\1.5.3\\lib/net461/TelemetryClient.dll"
      ],
      "Path": "C:\\Users\\dariu\\.nuget\\packages\\uipath.system.activities\\22.4.4"
    },
    {
      "Package": {
        "Id": "UiPath.Testing.Activities",
        "Version": "22.4.3"
      },
      "Assemblies": [
        "C:\\Users\\dariu\\.nuget\\packages\\automapper\\9.0.0\\lib/net461/AutoMapper.dll",
        "C:\\Users\\dariu\\.nuget\\packages\\microsoft.rest.clientruntime\\2.3.21\\lib/net461/Microsoft.Rest.ClientRuntime.dll",
        "C:\\Users\\dariu\\.nuget\\packages\\newtonsoft.json\\11.0.2\\lib/net45/Newtonsoft.Json.dll",
        "C:\\Users\\dariu\\.nuget\\packages\\system.io.abstractions\\3.0.10\\lib/net40/System.IO.Abstractions.dll",
        "C:\\Users\\dariu\\.nuget\\packages\\system.runtime.compilerservices.unsafe\\4.7.1\\lib/net461/System.Runtime.CompilerServices.Unsafe.dll",
        "C:\\Users\\dariu\\.nuget\\packages\\system.threading.tasks.dataflow\\5.0.0\\lib/net461/System.Threading.Tasks.Dataflow.dll",
        "C:\\Users\\dariu\\.nuget\\packages\\system.threading.tasks.extensions\\4.5.4\\lib/net461/System.Threading.Tasks.Extensions.dll",
        "C:\\Users\\dariu\\.nuget\\packages\\system.valuetuple\\4.5.0\\lib/net461/System.ValueTuple.dll",
        "C:\\Users\\dariu\\.nuget\\packages\\uipath.platform\\22.4.1\\lib/net461/UiPath.Platform.dll",
        "C:\\Users\\dariu\\.nuget\\packages\\uipath.telemetry.client\\1.5.3\\lib/net461/TelemetryClient.dll",
        "C:\\Users\\dariu\\.nuget\\packages\\uipath.testing.activities\\22.4.3\\lib/net461/UiPath.Testing.Activities.Design.dll",
        "C:\\Users\\dariu\\.nuget\\packages\\uipath.testing.activities\\22.4.3\\lib/net461/UiPath.Testing.Activities.dll",
        "C:\\Users\\dariu\\.nuget\\packages\\uipath.testing.activities\\22.4.3\\lib/net461/UiPath.Testing.RulesLibrary.dll",
        "C:\\Users\\dariu\\.nuget\\packages\\uipath.testing.activities\\22.4.3\\lib/net461/UiPath.Testing.dll"
      ],
      "Path": "C:\\Users\\dariu\\.nuget\\packages\\uipath.testing.activities\\22.4.3"
    },
    {
      "Package": {
        "Id": "UiPath.UIAutomation.Activities",
        "Version": "22.4.7"
      },
      "Assemblies": [
        "C:\\Users\\dariu\\.nuget\\packages\\microsoft.azure.cognitiveservices.vision.computervision\\7.0.1\\lib/net461/Microsoft.Azure.CognitiveServices.Vision.ComputerVision.dll",
        "C:\\Users\\dariu\\.nuget\\packages\\microsoft.rest.clientruntime\\2.3.21\\lib/net461/Microsoft.Rest.ClientRuntime.dll",
        "C:\\Users\\dariu\\.nuget\\packages\\microsoft.rest.clientruntime.azure\\3.3.18\\lib/net452/Microsoft.Rest.ClientRuntime.Azure.dll",
        "C:\\Users\\dariu\\.nuget\\packages\\newtonsoft.json\\11.0.2\\lib/net45/Newtonsoft.Json.dll",
        "C:\\Users\\dariu\\.nuget\\packages\\nlog\\4.5.11\\lib/net45/NLog.dll",
        "C:\\Users\\dariu\\.nuget\\packages\\polly\\7.1.0\\lib/netstandard2.0/Polly.dll",
        "C:\\Users\\dariu\\.nuget\\packages\\system.buffers\\4.5.1\\lib/net461/System.Buffers.dll",
        "C:\\Users\\dariu\\.nuget\\packages\\system.collections.immutable\\5.0.0\\lib/net461/System.Collections.Immutable.dll",
        "C:\\Users\\dariu\\.nuget\\packages\\system.io.abstractions\\3.0.10\\lib/net40/System.IO.Abstractions.dll",
        "C:\\Users\\dariu\\.nuget\\packages\\system.memory\\4.5.4\\lib/net461/System.Memory.dll",
        "C:\\Users\\dariu\\.nuget\\packages\\system.numerics.vectors\\4.5.0\\lib/net46/System.Numerics.Vectors.dll",
        "C:\\Users\\dariu\\.nuget\\packages\\system.runtime.compilerservices.unsafe\\4.7.1\\lib/net461/System.Runtime.CompilerServices.Unsafe.dll",
        "C:\\Users\\dariu\\.nuget\\packages\\system.threading.tasks.dataflow\\5.0.0\\lib/net461/System.Threading.Tasks.Dataflow.dll",
        "C:\\Users\\dariu\\.nuget\\packages\\system.valuetuple\\4.5.0\\lib/net461/System.ValueTuple.dll",
        "C:\\Users\\dariu\\.nuget\\packages\\uipath\\22.4.42.61951\\lib/net45/UiPath.Interop.dll",
        "C:\\Users\\dariu\\.nuget\\packages\\uipath.activities.runtimegovernance\\1.1.3\\lib/net461/UiPath.Activities.RuntimeGovernance.dll",
        "C:\\Users\\dariu\\.nuget\\packages\\uipath.imageprocessing\\22.4.1\\lib/net461/UiPath.ImageProcessingInterop.dll",
        "C:\\Users\\dariu\\.nuget\\packages\\uipath.ocr.activities\\3.6.2\\lib/net461/UiPath.OCR.Activities.Design.dll",
        "C:\\Users\\dariu\\.nuget\\packages\\uipath.ocr.activities\\3.6.2\\lib/net461/UiPath.OCR.Activities.dll",
        "C:\\Users\\dariu\\.nuget\\packages\\uipath.ocr.activities\\3.6.2\\lib/net461/UiPath.OCR.Core.dll",
        "C:\\Users\\dariu\\.nuget\\packages\\uipath.ocr.contracts\\2.11.0\\lib/net461/UiPath.OCR.Contracts.dll",
        "C:\\Users\\dariu\\.nuget\\packages\\uipath.platform\\22.4.1\\lib/net461/UiPath.Platform.dll",
        "C:\\Users\\dariu\\.nuget\\packages\\uipath.telemetry.client\\1.5.3\\lib/net461/TelemetryClient.dll",
        "C:\\Users\\dariu\\.nuget\\packages\\uipath.uiautomation.activities\\22.4.7\\lib/net461/UiPath.CV.Activities.Design.dll",
        "C:\\Users\\dariu\\.nuget\\packages\\uipath.uiautomation.activities\\22.4.7\\lib/net461/UiPath.CV.Activities.dll",
        "C:\\Users\\dariu\\.nuget\\packages\\uipath.uiautomation.activities\\22.4.7\\lib/net461/UiPath.CV.dll",
        "C:\\Users\\dariu\\.nuget\\packages\\uipath.uiautomation.activities\\22.4.7\\lib/net461/UiPath.UIAutomation.Activities.Design.dll",
        "C:\\Users\\dariu\\.nuget\\packages\\uipath.uiautomation.activities\\22.4.7\\lib/net461/UiPath.UIAutomationCore.dll",
        "C:\\Users\\dariu\\.nuget\\packages\\uipath.uiautomation.activities\\22.4.7\\lib/net461/UiPath.UIAutomationNext.Activities.Design.dll",
        "C:\\Users\\dariu\\.nuget\\packages\\uipath.uiautomation.activities\\22.4.7\\lib/net461/UiPath.UIAutomationNext.Activities.dll",
        "C:\\Users\\dariu\\.nuget\\packages\\uipath.uiautomation.activities\\22.4.7\\lib/net461/UiPath.UIAutomationNext.dll",
        "C:\\Users\\dariu\\.nuget\\packages\\uipath.uiautomation.activities\\22.4.7\\lib/net461/UiPath.UiAutomation.Activities.dll",
        "C:\\Users\\dariu\\.nuget\\packages\\uipath.uiautomation.activities\\22.4.7\\lib/net461/UiPath.Wizards.dll",
        "C:\\Users\\dariu\\.nuget\\packages\\uipath.vision\\3.3.0\\lib/net461/UiPath.Vision.AzureComputerVision.dll",
        "C:\\Users\\dariu\\.nuget\\packages\\uipath.vision\\3.3.0\\lib/net461/UiPath.Vision.Core.dll",
        "C:\\Users\\dariu\\.nuget\\packages\\uipath.vision\\3.3.0\\lib/net461/UiPath.Vision.GoogleCloud.dll",
        "C:\\Users\\dariu\\.nuget\\packages\\uipath.vision\\3.3.0\\lib/net461/UiPath.Vision.Microsoft.dll",
        "C:\\Users\\dariu\\.nuget\\packages\\uipath.vision\\3.3.0\\lib/net461/UiPath.Vision.Tesseract.dll",
        "C:\\Users\\dariu\\.nuget\\packages\\uipath.vision\\3.3.0\\lib/net461/UiPath.Vision.dll"
      ],
      "Path": "C:\\Users\\dariu\\.nuget\\packages\\uipath.uiautomation.activities\\22.4.7"
    },
    {
      "Package": {
        "Id": "Microsoft.Activities.Extensions",
        "Version": "2.0.6.9"
      },
      "Assemblies": [
        "C:\\Users\\dariu\\.nuget\\packages\\microsoft.activities.extensions\\2.0.6.9\\lib/Net45/Microsoft.Activities.Extensions.Design.dll",
        "C:\\Users\\dariu\\.nuget\\packages\\microsoft.activities.extensions\\2.0.6.9\\lib/Net45/Microsoft.Activities.Extensions.dll"
      ],
      "Path": "C:\\Users\\dariu\\.nuget\\packages\\microsoft.activities.extensions\\2.0.6.9"
    }
  ],
  "Conflicts": [],
  "ResolvedDependencies": {
    "AutoMapper": {
      "Id": "AutoMapper",
      "Version": "9.0.0",
      "Dependencies": []
    },
    "ClosedXML": {
      "Id": "ClosedXML",
      "Version": "0.87.1",
      "Dependencies": [
        {
          "Item1": "DocumentFormat.OpenXml",
          "Item2": "[2.5.0, )"
        }
      ]
    },
    "CredentialManagement": {
      "Id": "CredentialManagement",
      "Version": "1.0.2",
      "Dependencies": []
    },
    "CsvHelper": {
      "Id": "CsvHelper",
      "Version": "16.0.0",
      "Dependencies": [
        {
          "Item1": "Microsoft.CSharp",
          "Item2": "[4.5.0, )"
        },
        {
          "Item1": "System.ValueTuple",
          "Item2": "[4.4.0, )"
        }
      ]
    },
    "DocumentFormat.OpenXml": {
      "Id": "DocumentFormat.OpenXml",
      "Version": "2.5.0",
      "Dependencies": []
    },
    "Microsoft.Activities.Extensions": {
      "Id": "Microsoft.Activities.Extensions",
      "Version": "2.0.6.9",
      "Dependencies": []
    },
    "Microsoft.AspNet.SignalR.Client": {
      "Id": "Microsoft.AspNet.SignalR.Client",
      "Version": "2.4.0",
      "Dependencies": [
        {
          "Item1": "Newtonsoft.Json",
          "Item2": "[6.0.4, )"
        }
      ]
    },
    "Microsoft.AspNetCore.Connections.Abstractions": {
      "Id": "Microsoft.AspNetCore.Connections.Abstractions",
      "Version": "3.1.6",
      "Dependencies": [
        {
          "Item1": "Microsoft.AspNetCore.Http.Features",
          "Item2": "[3.1.6, )"
        },
        {
          "Item1": "Microsoft.Bcl.AsyncInterfaces",
          "Item2": "[1.1.1, )"
        },
        {
          "Item1": "System.IO.Pipelines",
          "Item2": "[4.7.1, )"
        }
      ]
    },
    "Microsoft.AspNetCore.Http.Connections.Client": {
      "Id": "Microsoft.AspNetCore.Http.Connections.Client",
      "Version": "3.1.6",
      "Dependencies": [
        {
          "Item1": "Microsoft.AspNetCore.Http.Connections.Common",
          "Item2": "[3.1.6, )"
        },
        {
          "Item1": "Microsoft.Extensions.Logging.Abstractions",
          "Item2": "[3.1.6, )"
        },
        {
          "Item1": "Microsoft.Extensions.Options",
          "Item2": "[3.1.6, )"
        }
      ]
    },
    "Microsoft.AspNetCore.Http.Connections.Common": {
      "Id": "Microsoft.AspNetCore.Http.Connections.Common",
      "Version": "3.1.6",
      "Dependencies": [
        {
          "Item1": "Microsoft.AspNetCore.Connections.Abstractions",
          "Item2": "[3.1.6, )"
        },
        {
          "Item1": "System.Text.Json",
          "Item2": "[4.7.2, )"
        }
      ]
    },
    "Microsoft.AspNetCore.Http.Features": {
      "Id": "Microsoft.AspNetCore.Http.Features",
      "Version": "3.1.6",
      "Dependencies": [
        {
          "Item1": "Microsoft.Extensions.Primitives",
          "Item2": "[3.1.6, )"
        },
        {
          "Item1": "System.IO.Pipelines",
          "Item2": "[4.7.1, )"
        }
      ]
    },
    "Microsoft.AspNetCore.SignalR.Client": {
      "Id": "Microsoft.AspNetCore.SignalR.Client",
      "Version": "3.1.6",
      "Dependencies": [
        {
          "Item1": "Microsoft.AspNetCore.SignalR.Client.Core",
          "Item2": "[3.1.6, )"
        },
        {
          "Item1": "Microsoft.AspNetCore.Http.Connections.Client",
          "Item2": "[3.1.6, )"
        }
      ]
    },
    "Microsoft.AspNetCore.SignalR.Client.Core": {
      "Id": "Microsoft.AspNetCore.SignalR.Client.Core",
      "Version": "3.1.6",
      "Dependencies": [
        {
          "Item1": "Microsoft.AspNetCore.SignalR.Protocols.Json",
          "Item2": "[3.1.6, )"
        },
        {
          "Item1": "Microsoft.AspNetCore.SignalR.Common",
          "Item2": "[3.1.6, )"
        },
        {
          "Item1": "Microsoft.Bcl.AsyncInterfaces",
          "Item2": "[1.1.1, )"
        },
        {
          "Item1": "Microsoft.Extensions.DependencyInjection",
          "Item2": "[3.1.6, )"
        },
        {
          "Item1": "Microsoft.Extensions.Logging",
          "Item2": "[3.1.6, )"
        },
        {
          "Item1": "System.Threading.Channels",
          "Item2": "[4.7.1, )"
        }
      ]
    },
    "Microsoft.AspNetCore.SignalR.Common": {
      "Id": "Microsoft.AspNetCore.SignalR.Common",
      "Version": "3.1.6",
      "Dependencies": [
        {
          "Item1": "Microsoft.AspNetCore.Connections.Abstractions",
          "Item2": "[3.1.6, )"
        },
        {
          "Item1": "Microsoft.Extensions.Options",
          "Item2": "[3.1.6, )"
        },
        {
          "Item1": "System.Text.Json",
          "Item2": "[4.7.2, )"
        }
      ]
    },
    "Microsoft.AspNetCore.SignalR.Protocols.Json": {
      "Id": "Microsoft.AspNetCore.SignalR.Protocols.Json",
      "Version": "3.1.6",
      "Dependencies": [
        {
          "Item1": "Microsoft.AspNetCore.SignalR.Common",
          "Item2": "[3.1.6, )"
        }
      ]
    },
    "Microsoft.Azure.CognitiveServices.Vision.ComputerVision": {
      "Id": "Microsoft.Azure.CognitiveServices.Vision.ComputerVision",
      "Version": "7.0.1",
      "Dependencies": [
        {
          "Item1": "Microsoft.Rest.ClientRuntime",
          "Item2": "[2.3.20, 3.0.0)"
        },
        {
          "Item1": "Microsoft.Rest.ClientRuntime.Azure",
          "Item2": "[3.3.18, 4.0.0)"
        },
        {
          "Item1": "Newtonsoft.Json",
          "Item2": "[10.0.3, )"
        }
      ]
    },
    "Microsoft.Bcl.AsyncInterfaces": {
      "Id": "Microsoft.Bcl.AsyncInterfaces",
      "Version": "1.1.1",
      "Dependencies": [
        {
          "Item1": "System.Threading.Tasks.Extensions",
          "Item2": "[4.5.4, )"
        }
      ]
    },
    "Microsoft.CodeAnalysis.Analyzers": {
      "Id": "Microsoft.CodeAnalysis.Analyzers",
      "Version": "3.0.0",
      "Dependencies": []
    },
    "Microsoft.CodeAnalysis.Common": {
      "Id": "Microsoft.CodeAnalysis.Common",
      "Version": "3.8.0",
      "Dependencies": [
        {
          "Item1": "Microsoft.CodeAnalysis.Analyzers",
          "Item2": "[3.0.0, )"
        },
        {
          "Item1": "System.Collections.Immutable",
          "Item2": "[5.0.0, )"
        },
        {
          "Item1": "System.Memory",
          "Item2": "[4.5.4, )"
        },
        {
          "Item1": "System.Reflection.Metadata",
          "Item2": "[5.0.0, )"
        },
        {
          "Item1": "System.Runtime.CompilerServices.Unsafe",
          "Item2": "[4.7.1, )"
        },
        {
          "Item1": "System.Text.Encoding.CodePages",
          "Item2": "[4.5.1, )"
        },
        {
          "Item1": "System.Threading.Tasks.Extensions",
          "Item2": "[4.5.4, )"
        }
      ]
    },
    "Microsoft.CodeAnalysis.CSharp": {
      "Id": "Microsoft.CodeAnalysis.CSharp",
      "Version": "3.8.0",
      "Dependencies": [
        {
          "Item1": "Microsoft.CodeAnalysis.Common",
          "Item2": "[3.8.0, 3.8.0]"
        }
      ]
    },
    "Microsoft.CodeAnalysis.VisualBasic": {
      "Id": "Microsoft.CodeAnalysis.VisualBasic",
      "Version": "3.8.0",
      "Dependencies": [
        {
          "Item1": "Microsoft.CodeAnalysis.Common",
          "Item2": "[3.8.0, 3.8.0]"
        }
      ]
    },
    "Microsoft.CSharp": {
      "Id": "Microsoft.CSharp",
      "Version": "4.7.0",
      "Dependencies": []
    },
    "Microsoft.Extensions.Configuration": {
      "Id": "Microsoft.Extensions.Configuration",
      "Version": "3.1.6",
      "Dependencies": [
        {
          "Item1": "Microsoft.Extensions.Configuration.Abstractions",
          "Item2": "[3.1.6, )"
        }
      ]
    },
    "Microsoft.Extensions.Configuration.Abstractions": {
      "Id": "Microsoft.Extensions.Configuration.Abstractions",
      "Version": "3.1.6",
      "Dependencies": [
        {
          "Item1": "Microsoft.Extensions.Primitives",
          "Item2": "[3.1.6, )"
        }
      ]
    },
    "Microsoft.Extensions.Configuration.Binder": {
      "Id": "Microsoft.Extensions.Configuration.Binder",
      "Version": "3.1.6",
      "Dependencies": [
        {
          "Item1": "Microsoft.Extensions.Configuration",
          "Item2": "[3.1.6, )"
        }
      ]
    },
    "Microsoft.Extensions.DependencyInjection": {
      "Id": "Microsoft.Extensions.DependencyInjection",
      "Version": "3.1.6",
      "Dependencies": [
        {
          "Item1": "Microsoft.Extensions.DependencyInjection.Abstractions",
          "Item2": "[3.1.6, )"
        },
        {
          "Item1": "Microsoft.Bcl.AsyncInterfaces",
          "Item2": "[1.1.1, )"
        }
      ]
    },
    "Microsoft.Extensions.DependencyInjection.Abstractions": {
      "Id": "Microsoft.Extensions.DependencyInjection.Abstractions",
      "Version": "3.1.6",
      "Dependencies": []
    },
    "Microsoft.Extensions.Logging": {
      "Id": "Microsoft.Extensions.Logging",
      "Version": "3.1.6",
      "Dependencies": [
        {
          "Item1": "Microsoft.Extensions.Configuration.Binder",
          "Item2": "[3.1.6, )"
        },
        {
          "Item1": "Microsoft.Extensions.DependencyInjection",
          "Item2": "[3.1.6, )"
        },
        {
          "Item1": "Microsoft.Extensions.Logging.Abstractions",
          "Item2": "[3.1.6, )"
        },
        {
          "Item1": "Microsoft.Extensions.Options",
          "Item2": "[3.1.6, )"
        }
      ]
    },
    "Microsoft.Extensions.Logging.Abstractions": {
      "Id": "Microsoft.Extensions.Logging.Abstractions",
      "Version": "3.1.6",
      "Dependencies": []
    },
    "Microsoft.Extensions.Options": {
      "Id": "Microsoft.Extensions.Options",
      "Version": "3.1.6",
      "Dependencies": [
        {
          "Item1": "Microsoft.Extensions.DependencyInjection.Abstractions",
          "Item2": "[3.1.6, )"
        },
        {
          "Item1": "Microsoft.Extensions.Primitives",
          "Item2": "[3.1.6, )"
        },
        {
          "Item1": "System.ComponentModel.Annotations",
          "Item2": "[4.7.0, )"
        }
      ]
    },
    "Microsoft.Extensions.Primitives": {
      "Id": "Microsoft.Extensions.Primitives",
      "Version": "3.1.6",
      "Dependencies": [
        {
          "Item1": "System.Memory",
          "Item2": "[4.5.2, )"
        },
        {
          "Item1": "System.Runtime.CompilerServices.Unsafe",
          "Item2": "[4.7.1, )"
        }
      ]
    },
    "Microsoft.Rest.ClientRuntime": {
      "Id": "Microsoft.Rest.ClientRuntime",
      "Version": "2.3.21",
      "Dependencies": [
        {
          "Item1": "Newtonsoft.Json",
          "Item2": "[10.0.3, )"
        }
      ]
    },
    "Microsoft.Rest.ClientRuntime.Azure": {
      "Id": "Microsoft.Rest.ClientRuntime.Azure",
      "Version": "3.3.18",
      "Dependencies": [
        {
          "Item1": "Microsoft.Rest.ClientRuntime",
          "Item2": "[2.3.17, 3.0.0)"
        },
        {
          "Item1": "Newtonsoft.Json",
          "Item2": "[6.0.8, )"
        }
      ]
    },
    "Microsoft.VisualBasic": {
      "Id": "Microsoft.VisualBasic",
      "Version": "10.3.0",
      "Dependencies": []
    },
    "Microsoft.VisualStudio.OLE.Interop": {
      "Id": "Microsoft.VisualStudio.OLE.Interop",
      "Version": "16.7.30328.74",
      "Dependencies": []
    },
    "Newtonsoft.Json": {
      "Id": "Newtonsoft.Json",
      "Version": "11.0.2",
      "Dependencies": []
    },
    "NLog": {
      "Id": "NLog",
      "Version": "4.5.11",
      "Dependencies": []
    },
    "NPOI": {
      "Id": "NPOI",
      "Version": "2.5.5",
      "Dependencies": [
        {
          "Item1": "SharpZipLib",
          "Item2": "[1.3.2, )"
        },
        {
          "Item1": "Portable.BouncyCastle",
          "Item2": "[1.8.9, )"
        }
      ]
    },
    "Polly": {
      "Id": "Polly",
      "Version": "7.1.0",
      "Dependencies": []
    },
    "Portable.BouncyCastle": {
      "Id": "Portable.BouncyCastle",
      "Version": "1.8.9",
      "Dependencies": []
    },
    "SharpZipLib": {
      "Id": "SharpZipLib",
      "Version": "1.3.3",
      "Dependencies": []
    },
    "System.Buffers": {
      "Id": "System.Buffers",
      "Version": "4.5.1",
      "Dependencies": []
    },
    "System.Collections.Immutable": {
      "Id": "System.Collections.Immutable",
      "Version": "5.0.0",
      "Dependencies": [
        {
          "Item1": "System.Memory",
          "Item2": "[4.5.4, )"
        }
      ]
    },
    "System.ComponentModel.Annotations": {
      "Id": "System.ComponentModel.Annotations",
      "Version": "4.7.0",
      "Dependencies": []
    },
    "System.IO.Abstractions": {
      "Id": "System.IO.Abstractions",
      "Version": "3.0.10",
      "Dependencies": []
    },
    "System.IO.Pipelines": {
      "Id": "System.IO.Pipelines",
      "Version": "4.7.1",
      "Dependencies": [
        {
          "Item1": "System.Buffers",
          "Item2": "[4.5.0, )"
        },
        {
          "Item1": "System.Memory",
          "Item2": "[4.5.3, )"
        },
        {
          "Item1": "System.Threading.Tasks.Extensions",
          "Item2": "[4.5.2, )"
        }
      ]
    },
    "System.Management.Automation": {
      "Id": "System.Management.Automation",
      "Version": "6.1.7601.17515",
      "Dependencies": []
    },
    "System.Memory": {
      "Id": "System.Memory",
      "Version": "4.5.4",
      "Dependencies": [
        {
          "Item1": "System.Buffers",
          "Item2": "[4.5.1, )"
        },
        {
          "Item1": "System.Numerics.Vectors",
          "Item2": "[4.5.0, )"
        },
        {
          "Item1": "System.Runtime.CompilerServices.Unsafe",
          "Item2": "[4.5.3, )"
        }
      ]
    },
    "System.Numerics.Vectors": {
      "Id": "System.Numerics.Vectors",
      "Version": "4.5.0",
      "Dependencies": []
    },
    "System.Reflection.Metadata": {
      "Id": "System.Reflection.Metadata",
      "Version": "5.0.0",
      "Dependencies": [
        {
          "Item1": "System.Collections.Immutable",
          "Item2": "[5.0.0, )"
        }
      ]
    },
    "System.Runtime.CompilerServices.Unsafe": {
      "Id": "System.Runtime.CompilerServices.Unsafe",
      "Version": "4.7.1",
      "Dependencies": []
    },
    "System.Text.Encoding.CodePages": {
      "Id": "System.Text.Encoding.CodePages",
      "Version": "4.5.1",
      "Dependencies": [
        {
          "Item1": "System.Runtime.CompilerServices.Unsafe",
          "Item2": "[4.5.2, )"
        }
      ]
    },
    "System.Text.Encodings.Web": {
      "Id": "System.Text.Encodings.Web",
      "Version": "4.7.1",
      "Dependencies": [
        {
          "Item1": "System.Memory",
          "Item2": "[4.5.4, )"
        }
      ]
    },
    "System.Text.Json": {
      "Id": "System.Text.Json",
      "Version": "4.7.2",
      "Dependencies": [
        {
          "Item1": "Microsoft.Bcl.AsyncInterfaces",
          "Item2": "[1.1.0, )"
        },
        {
          "Item1": "System.Buffers",
          "Item2": "[4.5.1, )"
        },
        {
          "Item1": "System.Memory",
          "Item2": "[4.5.4, )"
        },
        {
          "Item1": "System.Numerics.Vectors",
          "Item2": "[4.5.0, )"
        },
        {
          "Item1": "System.Runtime.CompilerServices.Unsafe",
          "Item2": "[4.7.1, )"
        },
        {
          "Item1": "System.Text.Encodings.Web",
          "Item2": "[4.7.1, )"
        },
        {
          "Item1": "System.Threading.Tasks.Extensions",
          "Item2": "[4.5.4, )"
        },
        {
          "Item1": "System.ValueTuple",
          "Item2": "[4.5.0, )"
        }
      ]
    },
    "System.Threading.Channels": {
      "Id": "System.Threading.Channels",
      "Version": "4.7.1",
      "Dependencies": [
        {
          "Item1": "System.Threading.Tasks.Extensions",
          "Item2": "[4.5.4, )"
        }
      ]
    },
    "System.Threading.Tasks.Dataflow": {
      "Id": "System.Threading.Tasks.Dataflow",
      "Version": "5.0.0",
      "Dependencies": []
    },
    "System.Threading.Tasks.Extensions": {
      "Id": "System.Threading.Tasks.Extensions",
      "Version": "4.5.4",
      "Dependencies": [
        {
          "Item1": "System.Runtime.CompilerServices.Unsafe",
          "Item2": "[4.5.3, )"
        }
      ]
    },
    "System.ValueTuple": {
      "Id": "System.ValueTuple",
      "Version": "4.5.0",
      "Dependencies": []
    },
    "UiPath": {
      "Id": "UiPath",
      "Version": "22.4.42.61951",
      "Dependencies": []
    },
    "UiPath.Activities.RuntimeGovernance": {
      "Id": "UiPath.Activities.RuntimeGovernance",
      "Version": "1.1.3",
      "Dependencies": [
        {
          "Item1": "Newtonsoft.Json",
          "Item2": "[11.0.2, )"
        }
      ]
    },
    "UiPath.Credentials.Activities": {
      "Id": "UiPath.Credentials.Activities",
      "Version": "2.0.0",
      "Dependencies": [
        {
          "Item1": "CredentialManagement",
          "Item2": "[1.0.2, )"
        }
      ]
    },
    "UiPath.Excel.Activities": {
      "Id": "UiPath.Excel.Activities",
      "Version": "2.12.3",
      "Dependencies": [
        {
          "Item1": "ClosedXML",
          "Item2": "[0.87.1, )"
        },
        {
          "Item1": "CsvHelper",
          "Item2": "[15.0.5, )"
        },
        {
          "Item1": "DocumentFormat.OpenXml",
          "Item2": "[2.5.0, )"
        },
        {
          "Item1": "Microsoft.VisualStudio.OLE.Interop",
          "Item2": "[16.7.30328.74, )"
        },
        {
          "Item1": "NPOI",
          "Item2": "[2.5.5, )"
        },
        {
          "Item1": "SharpZipLib",
          "Item2": "[1.3.3, )"
        },
        {
          "Item1": "UiPath.Platform",
          "Item2": "[22.4.0, )"
        },
        {
          "Item1": "UiPath.Telemetry.Client",
          "Item2": "[1.5.3, )"
        }
      ]
    },
    "UiPath.ImageProcessing": {
      "Id": "UiPath.ImageProcessing",
      "Version": "22.4.1",
      "Dependencies": []
    },
    "UiPath.OCR.Activities": {
      "Id": "UiPath.OCR.Activities",
      "Version": "3.6.2",
      "Dependencies": [
        {
          "Item1": "Microsoft.Azure.CognitiveServices.Vision.ComputerVision",
          "Item2": "[7.0.1, )"
        },
        {
          "Item1": "Newtonsoft.Json",
          "Item2": "[11.0.2, )"
        },
        {
          "Item1": "NLog",
          "Item2": "[4.5.11, )"
        },
        {
          "Item1": "Polly",
          "Item2": "[7.1.0, )"
        },
        {
          "Item1": "System.Collections.Immutable",
          "Item2": "[5.0.0, )"
        },
        {
          "Item1": "System.ValueTuple",
          "Item2": "[4.5.0, )"
        },
        {
          "Item1": "UiPath.OCR.Contracts",
          "Item2": "[2.11.0, )"
        },
        {
          "Item1": "UiPath.Platform",
          "Item2": "[22.4.1, )"
        }
      ]
    },
    "UiPath.OCR.Contracts": {
      "Id": "UiPath.OCR.Contracts",
      "Version": "2.11.0",
      "Dependencies": []
    },
    "UiPath.Platform": {
      "Id": "UiPath.Platform",
      "Version": "22.4.1",
      "Dependencies": [
        {
          "Item1": "Newtonsoft.Json",
          "Item2": "[11.0.2, )"
        },
        {
          "Item1": "System.IO.Abstractions",
          "Item2": "[3.0.10, )"
        },
        {
          "Item1": "System.ValueTuple",
          "Item2": "[4.5.0, )"
        }
      ]
    },
    "UiPath.System.Activities": {
      "Id": "UiPath.System.Activities",
      "Version": "22.4.4",
      "Dependencies": [
        {
          "Item1": "CsvHelper",
          "Item2": "[16.0.0, )"
        },
        {
          "Item1": "Microsoft.AspNet.SignalR.Client",
          "Item2": "[2.4.0, )"
        },
        {
          "Item1": "Microsoft.AspNetCore.SignalR.Client",
          "Item2": "[3.1.6, )"
        },
        {
          "Item1": "Microsoft.CSharp",
          "Item2": "[4.7.0, )"
        },
        {
          "Item1": "Microsoft.CodeAnalysis.CSharp",
          "Item2": "[3.8.0, )"
        },
        {
          "Item1": "Microsoft.CodeAnalysis.Common",
          "Item2": "[3.8.0, )"
        },
        {
          "Item1": "Microsoft.CodeAnalysis.VisualBasic",
          "Item2": "[3.8.0, )"
        },
        {
          "Item1": "Microsoft.Rest.ClientRuntime",
          "Item2": "[2.3.21, )"
        },
        {
          "Item1": "Microsoft.VisualBasic",
          "Item2": "[10.3.0, )"
        },
        {
          "Item1": "Newtonsoft.Json",
          "Item2": "[11.0.2, )"
        },
        {
          "Item1": "SharpZipLib",
          "Item2": "[1.3.3, )"
        },
        {
          "Item1": "System.Management.Automation",
          "Item2": "[6.1.7601.17515, )"
        },
        {
          "Item1": "UiPath.Platform",
          "Item2": "[22.4.1, )"
        },
        {
          "Item1": "UiPath.Telemetry.Client",
          "Item2": "[1.5.3, )"
        }
      ]
    },
    "UiPath.Telemetry.Client": {
      "Id": "UiPath.Telemetry.Client",
      "Version": "1.5.3",
      "Dependencies": [
        {
          "Item1": "Newtonsoft.Json",
          "Item2": "[11.0.2, )"
        },
        {
          "Item1": "System.Threading.Tasks.Dataflow",
          "Item2": "[5.0.0, )"
        },
        {
          "Item1": "System.ValueTuple",
          "Item2": "[4.5.0, )"
        }
      ]
    },
    "UiPath.Testing.Activities": {
      "Id": "UiPath.Testing.Activities",
      "Version": "22.4.3",
      "Dependencies": [
        {
          "Item1": "AutoMapper",
          "Item2": "[9.0.0, )"
        },
        {
          "Item1": "Microsoft.Rest.ClientRuntime",
          "Item2": "[2.3.21, )"
        },
        {
          "Item1": "Newtonsoft.Json",
          "Item2": "[11.0.2, )"
        },
        {
          "Item1": "System.Threading.Tasks.Extensions",
          "Item2": "[4.5.4, )"
        },
        {
          "Item1": "UiPath.Platform",
          "Item2": "[22.4.1, )"
        },
        {
          "Item1": "UiPath.Telemetry.Client",
          "Item2": "[1.5.3, )"
        }
      ]
    },
    "UiPath.UIAutomation.Activities": {
      "Id": "UiPath.UIAutomation.Activities",
      "Version": "22.4.7",
      "Dependencies": [
        {
          "Item1": "UiPath",
          "Item2": "[22.4.42.61951, 22.4.42.61951]"
        },
        {
          "Item1": "UiPath.Vision",
          "Item2": "[3.3.0, )"
        },
        {
          "Item1": "UiPath.OCR.Contracts",
          "Item2": "[2.11.0, )"
        },
        {
          "Item1": "UiPath.OCR.Activities",
          "Item2": "[3.6.2, )"
        },
        {
          "Item1": "UiPath.Platform",
          "Item2": "[22.4.1, )"
        },
        {
          "Item1": "Newtonsoft.Json",
          "Item2": "[11.0.2, )"
        },
        {
          "Item1": "System.IO.Abstractions",
          "Item2": "[3.0.10, )"
        },
        {
          "Item1": "UiPath.ImageProcessing",
          "Item2": "[22.4.1, )"
        },
        {
          "Item1": "UiPath.Telemetry.Client",
          "Item2": "[1.5.3, )"
        },
        {
          "Item1": "UiPath.Activities.RuntimeGovernance",
          "Item2": "[1.1.3, )"
        }
      ]
    },
    "UiPath.Vision": {
      "Id": "UiPath.Vision",
      "Version": "3.3.0",
      "Dependencies": [
        {
          "Item1": "UiPath.OCR.Contracts",
          "Item2": "[2.11.0, )"
        }
      ]
    }
  },
  "AllPackages": [
    {
      "Package": {
        "Id": "AutoMapper",
        "Version": "9.0.0"
      },
      "Assemblies": [
        "C:\\Users\\dariu\\.nuget\\packages\\automapper\\9.0.0\\lib\\net461\\AutoMapper.dll"
      ],
      "Path": "C:\\Users\\dariu\\.nuget\\packages\\automapper\\9.0.0"
    },
    {
      "Package": {
        "Id": "ClosedXML",
        "Version": "0.87.1"
      },
      "Assemblies": [
        "C:\\Users\\dariu\\.nuget\\packages\\closedxml\\0.87.1\\lib\\net40\\ClosedXML.dll"
      ],
      "Path": "C:\\Users\\dariu\\.nuget\\packages\\closedxml\\0.87.1"
    },
    {
      "Package": {
        "Id": "CredentialManagement",
        "Version": "1.0.2"
      },
      "Assemblies": [
        "C:\\Users\\dariu\\.nuget\\packages\\credentialmanagement\\1.0.2\\lib\\net35\\CredentialManagement.dll"
      ],
      "Path": "C:\\Users\\dariu\\.nuget\\packages\\credentialmanagement\\1.0.2"
    },
    {
      "Package": {
        "Id": "CsvHelper",
        "Version": "16.0.0"
      },
      "Assemblies": [
        "C:\\Users\\dariu\\.nuget\\packages\\csvhelper\\16.0.0\\lib\\net45\\CsvHelper.dll"
      ],
      "Path": "C:\\Users\\dariu\\.nuget\\packages\\csvhelper\\16.0.0"
    },
    {
      "Package": {
        "Id": "DocumentFormat.OpenXml",
        "Version": "2.5.0"
      },
      "Assemblies": [
        "C:\\Users\\dariu\\.nuget\\packages\\documentformat.openxml\\2.5.0\\lib\\DocumentFormat.OpenXml.dll"
      ],
      "Path": "C:\\Users\\dariu\\.nuget\\packages\\documentformat.openxml\\2.5.0"
    },
    {
      "Package": {
        "Id": "Microsoft.Activities.Extensions",
        "Version": "2.0.6.9"
      },
      "Assemblies": [
        "C:\\Users\\dariu\\.nuget\\packages\\microsoft.activities.extensions\\2.0.6.9\\lib\\Net45\\Microsoft.Activities.Extensions.Design.dll",
        "C:\\Users\\dariu\\.nuget\\packages\\microsoft.activities.extensions\\2.0.6.9\\lib\\Net45\\Microsoft.Activities.Extensions.dll"
      ],
      "Path": "C:\\Users\\dariu\\.nuget\\packages\\microsoft.activities.extensions\\2.0.6.9"
    },
    {
      "Package": {
        "Id": "Microsoft.AspNet.SignalR.Client",
        "Version": "2.4.0"
      },
      "Assemblies": [
        "C:\\Users\\dariu\\.nuget\\packages\\microsoft.aspnet.signalr.client\\2.4.0\\lib\\net45\\Microsoft.AspNet.SignalR.Client.dll"
      ],
      "Path": "C:\\Users\\dariu\\.nuget\\packages\\microsoft.aspnet.signalr.client\\2.4.0"
    },
    {
      "Package": {
        "Id": "Microsoft.AspNetCore.Connections.Abstractions",
        "Version": "3.1.6"
      },
      "Assemblies": [
        "C:\\Users\\dariu\\.nuget\\packages\\microsoft.aspnetcore.connections.abstractions\\3.1.6\\lib\\netstandard2.0\\Microsoft.AspNetCore.Connections.Abstractions.dll"
      ],
      "Path": "C:\\Users\\dariu\\.nuget\\packages\\microsoft.aspnetcore.connections.abstractions\\3.1.6"
    },
    {
      "Package": {
        "Id": "Microsoft.AspNetCore.Http.Connections.Client",
        "Version": "3.1.6"
      },
      "Assemblies": [
        "C:\\Users\\dariu\\.nuget\\packages\\microsoft.aspnetcore.http.connections.client\\3.1.6\\lib\\netstandard2.0\\Microsoft.AspNetCore.Http.Connections.Client.dll"
      ],
      "Path": "C:\\Users\\dariu\\.nuget\\packages\\microsoft.aspnetcore.http.connections.client\\3.1.6"
    },
    {
      "Package": {
        "Id": "Microsoft.AspNetCore.Http.Connections.Common",
        "Version": "3.1.6"
      },
      "Assemblies": [
        "C:\\Users\\dariu\\.nuget\\packages\\microsoft.aspnetcore.http.connections.common\\3.1.6\\lib\\netstandard2.0\\Microsoft.AspNetCore.Http.Connections.Common.dll"
      ],
      "Path": "C:\\Users\\dariu\\.nuget\\packages\\microsoft.aspnetcore.http.connections.common\\3.1.6"
    },
    {
      "Package": {
        "Id": "Microsoft.AspNetCore.Http.Features",
        "Version": "3.1.6"
      },
      "Assemblies": [
        "C:\\Users\\dariu\\.nuget\\packages\\microsoft.aspnetcore.http.features\\3.1.6\\lib\\netstandard2.0\\Microsoft.AspNetCore.Http.Features.dll"
      ],
      "Path": "C:\\Users\\dariu\\.nuget\\packages\\microsoft.aspnetcore.http.features\\3.1.6"
    },
    {
      "Package": {
        "Id": "Microsoft.AspNetCore.SignalR.Client",
        "Version": "3.1.6"
      },
      "Assemblies": [
        "C:\\Users\\dariu\\.nuget\\packages\\microsoft.aspnetcore.signalr.client\\3.1.6\\lib\\netstandard2.0\\Microsoft.AspNetCore.SignalR.Client.dll"
      ],
      "Path": "C:\\Users\\dariu\\.nuget\\packages\\microsoft.aspnetcore.signalr.client\\3.1.6"
    },
    {
      "Package": {
        "Id": "Microsoft.AspNetCore.SignalR.Client.Core",
        "Version": "3.1.6"
      },
      "Assemblies": [
        "C:\\Users\\dariu\\.nuget\\packages\\microsoft.aspnetcore.signalr.client.core\\3.1.6\\lib\\netstandard2.0\\Microsoft.AspNetCore.SignalR.Client.Core.dll"
      ],
      "Path": "C:\\Users\\dariu\\.nuget\\packages\\microsoft.aspnetcore.signalr.client.core\\3.1.6"
    },
    {
      "Package": {
        "Id": "Microsoft.AspNetCore.SignalR.Common",
        "Version": "3.1.6"
      },
      "Assemblies": [
        "C:\\Users\\dariu\\.nuget\\packages\\microsoft.aspnetcore.signalr.common\\3.1.6\\lib\\netstandard2.0\\Microsoft.AspNetCore.SignalR.Common.dll"
      ],
      "Path": "C:\\Users\\dariu\\.nuget\\packages\\microsoft.aspnetcore.signalr.common\\3.1.6"
    },
    {
      "Package": {
        "Id": "Microsoft.AspNetCore.SignalR.Protocols.Json",
        "Version": "3.1.6"
      },
      "Assemblies": [
        "C:\\Users\\dariu\\.nuget\\packages\\microsoft.aspnetcore.signalr.protocols.json\\3.1.6\\lib\\netstandard2.0\\Microsoft.AspNetCore.SignalR.Protocols.Json.dll"
      ],
      "Path": "C:\\Users\\dariu\\.nuget\\packages\\microsoft.aspnetcore.signalr.protocols.json\\3.1.6"
    },
    {
      "Package": {
        "Id": "Microsoft.Azure.CognitiveServices.Vision.ComputerVision",
        "Version": "7.0.1"
      },
      "Assemblies": [
        "C:\\Users\\dariu\\.nuget\\packages\\microsoft.azure.cognitiveservices.vision.computervision\\7.0.1\\lib\\net461\\Microsoft.Azure.CognitiveServices.Vision.ComputerVision.dll"
      ],
      "Path": "C:\\Users\\dariu\\.nuget\\packages\\microsoft.azure.cognitiveservices.vision.computervision\\7.0.1"
    },
    {
      "Package": {
        "Id": "Microsoft.Bcl.AsyncInterfaces",
        "Version": "1.1.1"
      },
      "Assemblies": [
        "C:\\Users\\dariu\\.nuget\\packages\\microsoft.bcl.asyncinterfaces\\1.1.1\\lib\\net461\\Microsoft.Bcl.AsyncInterfaces.dll"
      ],
      "Path": "C:\\Users\\dariu\\.nuget\\packages\\microsoft.bcl.asyncinterfaces\\1.1.1"
    },
    {
      "Package": {
        "Id": "Microsoft.CodeAnalysis.Analyzers",
        "Version": "3.0.0"
      },
      "Assemblies": [],
      "Path": "C:\\Users\\dariu\\.nuget\\packages\\microsoft.codeanalysis.analyzers\\3.0.0"
    },
    {
      "Package": {
        "Id": "Microsoft.CodeAnalysis.Common",
        "Version": "3.8.0"
      },
      "Assemblies": [
        "C:\\Users\\dariu\\.nuget\\packages\\microsoft.codeanalysis.common\\3.8.0\\lib\\netstandard2.0\\Microsoft.CodeAnalysis.dll"
      ],
      "Path": "C:\\Users\\dariu\\.nuget\\packages\\microsoft.codeanalysis.common\\3.8.0"
    },
    {
      "Package": {
        "Id": "Microsoft.CodeAnalysis.CSharp",
        "Version": "3.8.0"
      },
      "Assemblies": [
        "C:\\Users\\dariu\\.nuget\\packages\\microsoft.codeanalysis.csharp\\3.8.0\\lib\\netstandard2.0\\Microsoft.CodeAnalysis.CSharp.dll"
      ],
      "Path": "C:\\Users\\dariu\\.nuget\\packages\\microsoft.codeanalysis.csharp\\3.8.0"
    },
    {
      "Package": {
        "Id": "Microsoft.CodeAnalysis.VisualBasic",
        "Version": "3.8.0"
      },
      "Assemblies": [
        "C:\\Users\\dariu\\.nuget\\packages\\microsoft.codeanalysis.visualbasic\\3.8.0\\lib\\netstandard2.0\\Microsoft.CodeAnalysis.VisualBasic.dll"
      ],
      "Path": "C:\\Users\\dariu\\.nuget\\packages\\microsoft.codeanalysis.visualbasic\\3.8.0"
    },
    {
      "Package": {
        "Id": "Microsoft.CSharp",
        "Version": "4.7.0"
      },
      "Assemblies": [
        "C:\\Users\\dariu\\.nuget\\packages\\microsoft.csharp\\4.7.0\\lib\\net45\\_._"
      ],
      "Path": "C:\\Users\\dariu\\.nuget\\packages\\microsoft.csharp\\4.7.0"
    },
    {
      "Package": {
        "Id": "Microsoft.Extensions.Configuration",
        "Version": "3.1.6"
      },
      "Assemblies": [
        "C:\\Users\\dariu\\.nuget\\packages\\microsoft.extensions.configuration\\3.1.6\\lib\\netstandard2.0\\Microsoft.Extensions.Configuration.dll"
      ],
      "Path": "C:\\Users\\dariu\\.nuget\\packages\\microsoft.extensions.configuration\\3.1.6"
    },
    {
      "Package": {
        "Id": "Microsoft.Extensions.Configuration.Abstractions",
        "Version": "3.1.6"
      },
      "Assemblies": [
        "C:\\Users\\dariu\\.nuget\\packages\\microsoft.extensions.configuration.abstractions\\3.1.6\\lib\\netstandard2.0\\Microsoft.Extensions.Configuration.Abstractions.dll"
      ],
      "Path": "C:\\Users\\dariu\\.nuget\\packages\\microsoft.extensions.configuration.abstractions\\3.1.6"
    },
    {
      "Package": {
        "Id": "Microsoft.Extensions.Configuration.Binder",
        "Version": "3.1.6"
      },
      "Assemblies": [
        "C:\\Users\\dariu\\.nuget\\packages\\microsoft.extensions.configuration.binder\\3.1.6\\lib\\netstandard2.0\\Microsoft.Extensions.Configuration.Binder.dll"
      ],
      "Path": "C:\\Users\\dariu\\.nuget\\packages\\microsoft.extensions.configuration.binder\\3.1.6"
    },
    {
      "Package": {
        "Id": "Microsoft.Extensions.DependencyInjection",
        "Version": "3.1.6"
      },
      "Assemblies": [
        "C:\\Users\\dariu\\.nuget\\packages\\microsoft.extensions.dependencyinjection\\3.1.6\\lib\\net461\\Microsoft.Extensions.DependencyInjection.dll"
      ],
      "Path": "C:\\Users\\dariu\\.nuget\\packages\\microsoft.extensions.dependencyinjection\\3.1.6"
    },
    {
      "Package": {
        "Id": "Microsoft.Extensions.DependencyInjection.Abstractions",
        "Version": "3.1.6"
      },
      "Assemblies": [
        "C:\\Users\\dariu\\.nuget\\packages\\microsoft.extensions.dependencyinjection.abstractions\\3.1.6\\lib\\netstandard2.0\\Microsoft.Extensions.DependencyInjection.Abstractions.dll"
      ],
      "Path": "C:\\Users\\dariu\\.nuget\\packages\\microsoft.extensions.dependencyinjection.abstractions\\3.1.6"
    },
    {
      "Package": {
        "Id": "Microsoft.Extensions.Logging",
        "Version": "3.1.6"
      },
      "Assemblies": [
        "C:\\Users\\dariu\\.nuget\\packages\\microsoft.extensions.logging\\3.1.6\\lib\\netstandard2.0\\Microsoft.Extensions.Logging.dll"
      ],
      "Path": "C:\\Users\\dariu\\.nuget\\packages\\microsoft.extensions.logging\\3.1.6"
    },
    {
      "Package": {
        "Id": "Microsoft.Extensions.Logging.Abstractions",
        "Version": "3.1.6"
      },
      "Assemblies": [
        "C:\\Users\\dariu\\.nuget\\packages\\microsoft.extensions.logging.abstractions\\3.1.6\\lib\\netstandard2.0\\Microsoft.Extensions.Logging.Abstractions.dll"
      ],
      "Path": "C:\\Users\\dariu\\.nuget\\packages\\microsoft.extensions.logging.abstractions\\3.1.6"
    },
    {
      "Package": {
        "Id": "Microsoft.Extensions.Options",
        "Version": "3.1.6"
      },
      "Assemblies": [
        "C:\\Users\\dariu\\.nuget\\packages\\microsoft.extensions.options\\3.1.6\\lib\\netstandard2.0\\Microsoft.Extensions.Options.dll"
      ],
      "Path": "C:\\Users\\dariu\\.nuget\\packages\\microsoft.extensions.options\\3.1.6"
    },
    {
      "Package": {
        "Id": "Microsoft.Extensions.Primitives",
        "Version": "3.1.6"
      },
      "Assemblies": [
        "C:\\Users\\dariu\\.nuget\\packages\\microsoft.extensions.primitives\\3.1.6\\lib\\netstandard2.0\\Microsoft.Extensions.Primitives.dll"
      ],
      "Path": "C:\\Users\\dariu\\.nuget\\packages\\microsoft.extensions.primitives\\3.1.6"
    },
    {
      "Package": {
        "Id": "Microsoft.Rest.ClientRuntime",
        "Version": "2.3.21"
      },
      "Assemblies": [
        "C:\\Users\\dariu\\.nuget\\packages\\microsoft.rest.clientruntime\\2.3.21\\lib\\net461\\Microsoft.Rest.ClientRuntime.dll"
      ],
      "Path": "C:\\Users\\dariu\\.nuget\\packages\\microsoft.rest.clientruntime\\2.3.21"
    },
    {
      "Package": {
        "Id": "Microsoft.Rest.ClientRuntime.Azure",
        "Version": "3.3.18"
      },
      "Assemblies": [
        "C:\\Users\\dariu\\.nuget\\packages\\microsoft.rest.clientruntime.azure\\3.3.18\\lib\\net452\\Microsoft.Rest.ClientRuntime.Azure.dll"
      ],
      "Path": "C:\\Users\\dariu\\.nuget\\packages\\microsoft.rest.clientruntime.azure\\3.3.18"
    },
    {
      "Package": {
        "Id": "Microsoft.VisualBasic",
        "Version": "10.3.0"
      },
      "Assemblies": [
        "C:\\Users\\dariu\\.nuget\\packages\\microsoft.visualbasic\\10.3.0\\lib\\net45\\_._"
      ],
      "Path": "C:\\Users\\dariu\\.nuget\\packages\\microsoft.visualbasic\\10.3.0"
    },
    {
      "Package": {
        "Id": "Microsoft.VisualStudio.OLE.Interop",
        "Version": "16.7.30328.74"
      },
      "Assemblies": [
        "C:\\Users\\dariu\\.nuget\\packages\\microsoft.visualstudio.ole.interop\\16.7.30328.74\\lib\\net45\\Microsoft.VisualStudio.OLE.Interop.dll"
      ],
      "Path": "C:\\Users\\dariu\\.nuget\\packages\\microsoft.visualstudio.ole.interop\\16.7.30328.74"
    },
    {
      "Package": {
        "Id": "Newtonsoft.Json",
        "Version": "11.0.2"
      },
      "Assemblies": [
        "C:\\Users\\dariu\\.nuget\\packages\\newtonsoft.json\\11.0.2\\lib\\net45\\Newtonsoft.Json.dll"
      ],
      "Path": "C:\\Users\\dariu\\.nuget\\packages\\newtonsoft.json\\11.0.2"
    },
    {
      "Package": {
        "Id": "NLog",
        "Version": "4.5.11"
      },
      "Assemblies": [
        "C:\\Users\\dariu\\.nuget\\packages\\nlog\\4.5.11\\lib\\net45\\NLog.dll"
      ],
      "Path": "C:\\Users\\dariu\\.nuget\\packages\\nlog\\4.5.11"
    },
    {
      "Package": {
        "Id": "NPOI",
        "Version": "2.5.5"
      },
      "Assemblies": [
        "C:\\Users\\dariu\\.nuget\\packages\\npoi\\2.5.5\\lib\\net45\\NPOI.OOXML.dll",
        "C:\\Users\\dariu\\.nuget\\packages\\npoi\\2.5.5\\lib\\net45\\NPOI.OpenXml4Net.dll",
        "C:\\Users\\dariu\\.nuget\\packages\\npoi\\2.5.5\\lib\\net45\\NPOI.OpenXmlFormats.dll",
        "C:\\Users\\dariu\\.nuget\\packages\\npoi\\2.5.5\\lib\\net45\\NPOI.dll"
      ],
      "Path": "C:\\Users\\dariu\\.nuget\\packages\\npoi\\2.5.5"
    },
    {
      "Package": {
        "Id": "Polly",
        "Version": "7.1.0"
      },
      "Assemblies": [
        "C:\\Users\\dariu\\.nuget\\packages\\polly\\7.1.0\\lib\\netstandard2.0\\Polly.dll"
      ],
      "Path": "C:\\Users\\dariu\\.nuget\\packages\\polly\\7.1.0"
    },
    {
      "Package": {
        "Id": "Portable.BouncyCastle",
        "Version": "1.8.9"
      },
      "Assemblies": [
        "C:\\Users\\dariu\\.nuget\\packages\\portable.bouncycastle\\1.8.9\\lib\\net40\\BouncyCastle.Crypto.dll"
      ],
      "Path": "C:\\Users\\dariu\\.nuget\\packages\\portable.bouncycastle\\1.8.9"
    },
    {
      "Package": {
        "Id": "SharpZipLib",
        "Version": "1.3.3"
      },
      "Assemblies": [
        "C:\\Users\\dariu\\.nuget\\packages\\sharpziplib\\1.3.3\\lib\\net45\\ICSharpCode.SharpZipLib.dll"
      ],
      "Path": "C:\\Users\\dariu\\.nuget\\packages\\sharpziplib\\1.3.3"
    },
    {
      "Package": {
        "Id": "System.Buffers",
        "Version": "4.5.1"
      },
      "Assemblies": [
        "C:\\Users\\dariu\\.nuget\\packages\\system.buffers\\4.5.1\\lib\\net461\\System.Buffers.dll"
      ],
      "Path": "C:\\Users\\dariu\\.nuget\\packages\\system.buffers\\4.5.1"
    },
    {
      "Package": {
        "Id": "System.Collections.Immutable",
        "Version": "5.0.0"
      },
      "Assemblies": [
        "C:\\Users\\dariu\\.nuget\\packages\\system.collections.immutable\\5.0.0\\lib\\net461\\System.Collections.Immutable.dll"
      ],
      "Path": "C:\\Users\\dariu\\.nuget\\packages\\system.collections.immutable\\5.0.0"
    },
    {
      "Package": {
        "Id": "System.ComponentModel.Annotations",
        "Version": "4.7.0"
      },
      "Assemblies": [
        "C:\\Users\\dariu\\.nuget\\packages\\system.componentmodel.annotations\\4.7.0\\lib\\net461\\System.ComponentModel.Annotations.dll"
      ],
      "Path": "C:\\Users\\dariu\\.nuget\\packages\\system.componentmodel.annotations\\4.7.0"
    },
    {
      "Package": {
        "Id": "System.IO.Abstractions",
        "Version": "3.0.10"
      },
      "Assemblies": [
        "C:\\Users\\dariu\\.nuget\\packages\\system.io.abstractions\\3.0.10\\lib\\net40\\System.IO.Abstractions.dll"
      ],
      "Path": "C:\\Users\\dariu\\.nuget\\packages\\system.io.abstractions\\3.0.10"
    },
    {
      "Package": {
        "Id": "System.IO.Pipelines",
        "Version": "4.7.1"
      },
      "Assemblies": [
        "C:\\Users\\dariu\\.nuget\\packages\\system.io.pipelines\\4.7.1\\lib\\netstandard2.0\\System.IO.Pipelines.dll"
      ],
      "Path": "C:\\Users\\dariu\\.nuget\\packages\\system.io.pipelines\\4.7.1"
    },
    {
      "Package": {
        "Id": "System.Management.Automation",
        "Version": "6.1.7601.17515"
      },
      "Assemblies": [
        "C:\\Users\\dariu\\.nuget\\packages\\system.management.automation\\6.1.7601.17515\\lib\\net45\\System.Management.Automation.dll"
      ],
      "Path": "C:\\Users\\dariu\\.nuget\\packages\\system.management.automation\\6.1.7601.17515"
    },
    {
      "Package": {
        "Id": "System.Memory",
        "Version": "4.5.4"
      },
      "Assemblies": [
        "C:\\Users\\dariu\\.nuget\\packages\\system.memory\\4.5.4\\lib\\net461\\System.Memory.dll"
      ],
      "Path": "C:\\Users\\dariu\\.nuget\\packages\\system.memory\\4.5.4"
    },
    {
      "Package": {
        "Id": "System.Numerics.Vectors",
        "Version": "4.5.0"
      },
      "Assemblies": [
        "C:\\Users\\dariu\\.nuget\\packages\\system.numerics.vectors\\4.5.0\\lib\\net46\\System.Numerics.Vectors.dll"
      ],
      "Path": "C:\\Users\\dariu\\.nuget\\packages\\system.numerics.vectors\\4.5.0"
    },
    {
      "Package": {
        "Id": "System.Reflection.Metadata",
        "Version": "5.0.0"
      },
      "Assemblies": [
        "C:\\Users\\dariu\\.nuget\\packages\\system.reflection.metadata\\5.0.0\\lib\\net461\\System.Reflection.Metadata.dll"
      ],
      "Path": "C:\\Users\\dariu\\.nuget\\packages\\system.reflection.metadata\\5.0.0"
    },
    {
      "Package": {
        "Id": "System.Runtime.CompilerServices.Unsafe",
        "Version": "4.7.1"
      },
      "Assemblies": [
        "C:\\Users\\dariu\\.nuget\\packages\\system.runtime.compilerservices.unsafe\\4.7.1\\lib\\net461\\System.Runtime.CompilerServices.Unsafe.dll"
      ],
      "Path": "C:\\Users\\dariu\\.nuget\\packages\\system.runtime.compilerservices.unsafe\\4.7.1"
    },
    {
      "Package": {
        "Id": "System.Text.Encoding.CodePages",
        "Version": "4.5.1"
      },
      "Assemblies": [
        "C:\\Users\\dariu\\.nuget\\packages\\system.text.encoding.codepages\\4.5.1\\lib\\net461\\System.Text.Encoding.CodePages.dll"
      ],
      "Path": "C:\\Users\\dariu\\.nuget\\packages\\system.text.encoding.codepages\\4.5.1"
    },
    {
      "Package": {
        "Id": "System.Text.Encodings.Web",
        "Version": "4.7.1"
      },
      "Assemblies": [
        "C:\\Users\\dariu\\.nuget\\packages\\system.text.encodings.web\\4.7.1\\lib\\net461\\System.Text.Encodings.Web.dll"
      ],
      "Path": "C:\\Users\\dariu\\.nuget\\packages\\system.text.encodings.web\\4.7.1"
    },
    {
      "Package": {
        "Id": "System.Text.Json",
        "Version": "4.7.2"
      },
      "Assemblies": [
        "C:\\Users\\dariu\\.nuget\\packages\\system.text.json\\4.7.2\\lib\\net461\\System.Text.Json.dll"
      ],
      "Path": "C:\\Users\\dariu\\.nuget\\packages\\system.text.json\\4.7.2"
    },
    {
      "Package": {
        "Id": "System.Threading.Channels",
        "Version": "4.7.1"
      },
      "Assemblies": [
        "C:\\Users\\dariu\\.nuget\\packages\\system.threading.channels\\4.7.1\\lib\\net461\\System.Threading.Channels.dll"
      ],
      "Path": "C:\\Users\\dariu\\.nuget\\packages\\system.threading.channels\\4.7.1"
    },
    {
      "Package": {
        "Id": "System.Threading.Tasks.Dataflow",
        "Version": "5.0.0"
      },
      "Assemblies": [
        "C:\\Users\\dariu\\.nuget\\packages\\system.threading.tasks.dataflow\\5.0.0\\lib\\net461\\System.Threading.Tasks.Dataflow.dll"
      ],
      "Path": "C:\\Users\\dariu\\.nuget\\packages\\system.threading.tasks.dataflow\\5.0.0"
    },
    {
      "Package": {
        "Id": "System.Threading.Tasks.Extensions",
        "Version": "4.5.4"
      },
      "Assemblies": [
        "C:\\Users\\dariu\\.nuget\\packages\\system.threading.tasks.extensions\\4.5.4\\lib\\net461\\System.Threading.Tasks.Extensions.dll"
      ],
      "Path": "C:\\Users\\dariu\\.nuget\\packages\\system.threading.tasks.extensions\\4.5.4"
    },
    {
      "Package": {
        "Id": "System.ValueTuple",
        "Version": "4.5.0"
      },
      "Assemblies": [
        "C:\\Users\\dariu\\.nuget\\packages\\system.valuetuple\\4.5.0\\lib\\net461\\System.ValueTuple.dll"
      ],
      "Path": "C:\\Users\\dariu\\.nuget\\packages\\system.valuetuple\\4.5.0"
    },
    {
      "Package": {
        "Id": "UiPath",
        "Version": "22.4.42.61951"
      },
      "Assemblies": [
        "C:\\Users\\dariu\\.nuget\\packages\\uipath\\22.4.42.61951\\lib\\net45\\UiPath.Interop.dll"
      ],
      "Path": "C:\\Users\\dariu\\.nuget\\packages\\uipath\\22.4.42.61951"
    },
    {
      "Package": {
        "Id": "UiPath.Activities.RuntimeGovernance",
        "Version": "1.1.3"
      },
      "Assemblies": [
        "C:\\Users\\dariu\\.nuget\\packages\\uipath.activities.runtimegovernance\\1.1.3\\lib\\net461\\UiPath.Activities.RuntimeGovernance.dll"
      ],
      "Path": "C:\\Users\\dariu\\.nuget\\packages\\uipath.activities.runtimegovernance\\1.1.3"
    },
    {
      "Package": {
        "Id": "UiPath.Credentials.Activities",
        "Version": "2.0.0"
      },
      "Assemblies": [
        "C:\\Users\\dariu\\.nuget\\packages\\uipath.credentials.activities\\2.0.0\\lib\\net461\\UiPath.Credentials.Activities.dll"
      ],
      "Path": "C:\\Users\\dariu\\.nuget\\packages\\uipath.credentials.activities\\2.0.0"
    },
    {
      "Package": {
        "Id": "UiPath.Excel.Activities",
        "Version": "2.12.3"
      },
      "Assemblies": [
        "C:\\Users\\dariu\\.nuget\\packages\\uipath.excel.activities\\2.12.3\\lib\\net461\\Microsoft.Office.Interop.Excel.dll",
        "C:\\Users\\dariu\\.nuget\\packages\\uipath.excel.activities\\2.12.3\\lib\\net461\\Microsoft.Vbe.Interop.dll",
        "C:\\Users\\dariu\\.nuget\\packages\\uipath.excel.activities\\2.12.3\\lib\\net461\\Office.dll",
        "C:\\Users\\dariu\\.nuget\\packages\\uipath.excel.activities\\2.12.3\\lib\\net461\\UiPath.Excel.Activities.Design.dll",
        "C:\\Users\\dariu\\.nuget\\packages\\uipath.excel.activities\\2.12.3\\lib\\net461\\UiPath.Excel.Activities.Package.dll",
        "C:\\Users\\dariu\\.nuget\\packages\\uipath.excel.activities\\2.12.3\\lib\\net461\\UiPath.Excel.Activities.dll",
        "C:\\Users\\dariu\\.nuget\\packages\\uipath.excel.activities\\2.12.3\\lib\\net461\\UiPath.Excel.dll"
      ],
      "Path": "C:\\Users\\dariu\\.nuget\\packages\\uipath.excel.activities\\2.12.3"
    },
    {
      "Package": {
        "Id": "UiPath.ImageProcessing",
        "Version": "22.4.1"
      },
      "Assemblies": [
        "C:\\Users\\dariu\\.nuget\\packages\\uipath.imageprocessing\\22.4.1\\lib\\net461\\UiPath.ImageProcessingInterop.dll"
      ],
      "Path": "C:\\Users\\dariu\\.nuget\\packages\\uipath.imageprocessing\\22.4.1"
    },
    {
      "Package": {
        "Id": "UiPath.OCR.Activities",
        "Version": "3.6.2"
      },
      "Assemblies": [
        "C:\\Users\\dariu\\.nuget\\packages\\uipath.ocr.activities\\3.6.2\\lib\\net461\\UiPath.OCR.Activities.Design.dll",
        "C:\\Users\\dariu\\.nuget\\packages\\uipath.ocr.activities\\3.6.2\\lib\\net461\\UiPath.OCR.Activities.dll",
        "C:\\Users\\dariu\\.nuget\\packages\\uipath.ocr.activities\\3.6.2\\lib\\net461\\UiPath.OCR.Core.dll"
      ],
      "Path": "C:\\Users\\dariu\\.nuget\\packages\\uipath.ocr.activities\\3.6.2"
    },
    {
      "Package": {
        "Id": "UiPath.OCR.Contracts",
        "Version": "2.11.0"
      },
      "Assemblies": [
        "C:\\Users\\dariu\\.nuget\\packages\\uipath.ocr.contracts\\2.11.0\\lib\\net461\\UiPath.OCR.Contracts.dll"
      ],
      "Path": "C:\\Users\\dariu\\.nuget\\packages\\uipath.ocr.contracts\\2.11.0"
    },
    {
      "Package": {
        "Id": "UiPath.Platform",
        "Version": "22.4.1"
      },
      "Assemblies": [
        "C:\\Users\\dariu\\.nuget\\packages\\uipath.platform\\22.4.1\\lib\\net461\\UiPath.Platform.dll"
      ],
      "Path": "C:\\Users\\dariu\\.nuget\\packages\\uipath.platform\\22.4.1"
    },
    {
      "Package": {
        "Id": "UiPath.System.Activities",
        "Version": "22.4.4"
      },
      "Assemblies": [
        "C:\\Users\\dariu\\.nuget\\packages\\uipath.system.activities\\22.4.4\\lib\\net461\\UiPath.OrchestratorClient.dll",
        "C:\\Users\\dariu\\.nuget\\packages\\uipath.system.activities\\22.4.4\\lib\\net461\\UiPath.System.Activities.Design.dll",
        "C:\\Users\\dariu\\.nuget\\packages\\uipath.system.activities\\22.4.4\\lib\\net461\\UiPath.System.Activities.dll"
      ],
      "Path": "C:\\Users\\dariu\\.nuget\\packages\\uipath.system.activities\\22.4.4"
    },
    {
      "Package": {
        "Id": "UiPath.Telemetry.Client",
        "Version": "1.5.3"
      },
      "Assemblies": [
        "C:\\Users\\dariu\\.nuget\\packages\\uipath.telemetry.client\\1.5.3\\lib\\net461\\TelemetryClient.dll"
      ],
      "Path": "C:\\Users\\dariu\\.nuget\\packages\\uipath.telemetry.client\\1.5.3"
    },
    {
      "Package": {
        "Id": "UiPath.Testing.Activities",
        "Version": "22.4.3"
      },
      "Assemblies": [
        "C:\\Users\\dariu\\.nuget\\packages\\uipath.testing.activities\\22.4.3\\lib\\net461\\UiPath.Testing.Activities.Design.dll",
        "C:\\Users\\dariu\\.nuget\\packages\\uipath.testing.activities\\22.4.3\\lib\\net461\\UiPath.Testing.Activities.dll",
        "C:\\Users\\dariu\\.nuget\\packages\\uipath.testing.activities\\22.4.3\\lib\\net461\\UiPath.Testing.RulesLibrary.dll",
        "C:\\Users\\dariu\\.nuget\\packages\\uipath.testing.activities\\22.4.3\\lib\\net461\\UiPath.Testing.dll"
      ],
      "Path": "C:\\Users\\dariu\\.nuget\\packages\\uipath.testing.activities\\22.4.3"
    },
    {
      "Package": {
        "Id": "UiPath.UIAutomation.Activities",
        "Version": "22.4.7"
      },
      "Assemblies": [
        "C:\\Users\\dariu\\.nuget\\packages\\uipath.uiautomation.activities\\22.4.7\\lib\\net461\\UiPath.CV.Activities.Design.dll",
        "C:\\Users\\dariu\\.nuget\\packages\\uipath.uiautomation.activities\\22.4.7\\lib\\net461\\UiPath.CV.Activities.dll",
        "C:\\Users\\dariu\\.nuget\\packages\\uipath.uiautomation.activities\\22.4.7\\lib\\net461\\UiPath.CV.dll",
        "C:\\Users\\dariu\\.nuget\\packages\\uipath.uiautomation.activities\\22.4.7\\lib\\net461\\UiPath.UIAutomation.Activities.Design.dll",
        "C:\\Users\\dariu\\.nuget\\packages\\uipath.uiautomation.activities\\22.4.7\\lib\\net461\\UiPath.UIAutomationCore.dll",
        "C:\\Users\\dariu\\.nuget\\packages\\uipath.uiautomation.activities\\22.4.7\\lib\\net461\\UiPath.UIAutomationNext.Activities.Design.dll",
        "C:\\Users\\dariu\\.nuget\\packages\\uipath.uiautomation.activities\\22.4.7\\lib\\net461\\UiPath.UIAutomationNext.Activities.dll",
        "C:\\Users\\dariu\\.nuget\\packages\\uipath.uiautomation.activities\\22.4.7\\lib\\net461\\UiPath.UIAutomationNext.dll",
        "C:\\Users\\dariu\\.nuget\\packages\\uipath.uiautomation.activities\\22.4.7\\lib\\net461\\UiPath.UiAutomation.Activities.dll",
        "C:\\Users\\dariu\\.nuget\\packages\\uipath.uiautomation.activities\\22.4.7\\lib\\net461\\UiPath.Wizards.dll"
      ],
      "Path": "C:\\Users\\dariu\\.nuget\\packages\\uipath.uiautomation.activities\\22.4.7"
    },
    {
      "Package": {
        "Id": "UiPath.Vision",
        "Version": "3.3.0"
      },
      "Assemblies": [
        "C:\\Users\\dariu\\.nuget\\packages\\uipath.vision\\3.3.0\\lib\\net461\\UiPath.Vision.AzureComputerVision.dll",
        "C:\\Users\\dariu\\.nuget\\packages\\uipath.vision\\3.3.0\\lib\\net461\\UiPath.Vision.Core.dll",
        "C:\\Users\\dariu\\.nuget\\packages\\uipath.vision\\3.3.0\\lib\\net461\\UiPath.Vision.GoogleCloud.dll",
        "C:\\Users\\dariu\\.nuget\\packages\\uipath.vision\\3.3.0\\lib\\net461\\UiPath.Vision.Microsoft.dll",
        "C:\\Users\\dariu\\.nuget\\packages\\uipath.vision\\3.3.0\\lib\\net461\\UiPath.Vision.Tesseract.dll",
        "C:\\Users\\dariu\\.nuget\\packages\\uipath.vision\\3.3.0\\lib\\net461\\UiPath.Vision.dll"
      ],
      "Path": "C:\\Users\\dariu\\.nuget\\packages\\uipath.vision\\3.3.0"
    }
  ]
}