{"ProjectBreakpoints":"{\"Value\":{\"System1/System1_NavigateTo_WIDetails.xaml\":[{\"ConditionalExpression\":null,\"ActionExpression\":null,\"ExpectedHitCounter\":null,\"ShouldContinueAfterAction\":false,\"IsTransient\":false,\"IsEnabled\":true,\"Id\":\"e169eee0-56c3-4e02-b8fb-bc2014e6e1f3\",\"ActivityIdRef\":\"GetValue_1\",\"ActivityId\":\"1.9\",\"ActivityName\":\"Get Text - Client Information Details\"}]}}","ProjectWatches":"{\"Value\":[]}","OpenedDocuments":"[\"Framework/Process.xaml\",\"Main.xaml\",\"System1/System1_ExtractWorkItemsWI5.xaml\",\"System1/System1_NavigateTo_WIDetails.xaml\",\"System1/System1_NavigateAndExtractClientDetalis.xaml\"]"}